lag_hours,r,n,series_a,series_b
-48.0,0.1689,363,Kamand_depth,North_depth
-47.0,0.1564,364,Kamand_depth,North_depth
-46.0,0.1492,365,Kamand_depth,North_depth
-45.0,0.1449,366,Kamand_depth,North_depth
-44.0,0.1516,367,Kamand_depth,North_depth
-43.0,0.1557,368,Kamand_depth,North_depth
-42.0,0.1594,369,Kamand_depth,North_depth
-41.0,0.1721,370,Kamand_depth,North_depth
-40.0,0.1835,371,Kamand_depth,North_depth
-39.0,0.1939,372,Kamand_depth,North_depth
-38.0,0.2056,373,Kamand_depth,North_depth
-37.0,0.2134,374,Kamand_depth,North_depth
-36.0,0.2191,375,Kamand_depth,North_depth
-35.0,0.2122,376,Kamand_depth,North_depth
-34.0,0.2063,377,Kamand_depth,North_depth
-33.0,0.1969,378,Kamand_depth,North_depth
-32.0,0.1896,379,Kamand_depth,North_depth
-31.0,0.1876,380,Kamand_depth,North_depth
-30.0,0.1871,381,Kamand_depth,North_depth
-29.0,0.1916,382,Kamand_depth,North_depth
-28.0,0.2003,383,Kamand_depth,North_depth
-27.0,0.2112,384,Kamand_depth,North_depth
-26.0,0.2248,385,Kamand_depth,North_depth
-25.0,0.2328,386,Kamand_depth,North_depth
-24.0,0.2432,387,Kamand_depth,North_depth
-23.0,0.2514,388,Kamand_depth,North_depth
-22.0,0.2632,389,Kamand_depth,North_depth
-21.0,0.28,390,Kamand_depth,North_depth
-20.0,0.2857,391,Kamand_depth,North_depth
-19.0,0.2857,392,Kamand_depth,North_depth
-18.0,0.2893,393,Kamand_depth,North_depth
-17.0,0.2953,394,Kamand_depth,North_depth
-16.0,0.3009,395,Kamand_depth,North_depth
-15.0,0.3025,396,Kamand_depth,North_depth
-14.0,0.3081,397,Kamand_depth,North_depth
-13.0,0.3107,398,Kamand_depth,North_depth
-12.0,0.3143,399,Kamand_depth,North_depth
-11.0,0.3223,400,Kamand_depth,North_depth
-10.0,0.3301,401,Kamand_depth,North_depth
-9.0,0.3349,402,Kamand_depth,North_depth
-8.0,0.3425,403,Kamand_depth,North_depth
-7.0,0.3504,404,Kamand_depth,North_depth
-6.0,0.3616,405,Kamand_depth,North_depth
-5.0,0.3695,406,Kamand_depth,North_depth
-4.0,0.3843,407,Kamand_depth,North_depth
-3.0,0.3955,408,Kamand_depth,North_depth
-2.0,0.4079,409,Kamand_depth,North_depth
-1.0,0.421,410,Kamand_depth,North_depth
0.0,0.4284,411,Kamand_depth,North_depth
1.0,0.4175,410,Kamand_depth,North_depth
2.0,0.4055,409,Kamand_depth,North_depth
3.0,0.3912,408,Kamand_depth,North_depth
4.0,0.3754,407,Kamand_depth,North_depth
5.0,0.3609,406,Kamand_depth,North_depth
6.0,0.3372,405,Kamand_depth,North_depth
7.0,0.3172,404,Kamand_depth,North_depth
8.0,0.295,403,Kamand_depth,North_depth
9.0,0.2752,402,Kamand_depth,North_depth
10.0,0.2728,401,Kamand_depth,North_depth
11.0,0.2704,400,Kamand_depth,North_depth
12.0,0.268,399,Kamand_depth,North_depth
13.0,0.2676,398,Kamand_depth,North_depth
14.0,0.264,397,Kamand_depth,North_depth
15.0,0.2657,396,Kamand_depth,North_depth
16.0,0.2685,395,Kamand_depth,North_depth
17.0,0.2664,394,Kamand_depth,North_depth
18.0,0.2602,393,Kamand_depth,North_depth
19.0,0.2555,392,Kamand_depth,North_depth
20.0,0.2529,391,Kamand_depth,North_depth
21.0,0.2509,390,Kamand_depth,North_depth
22.0,0.2436,389,Kamand_depth,North_depth
23.0,0.2366,388,Kamand_depth,North_depth
24.0,0.2276,387,Kamand_depth,North_depth
25.0,0.2198,386,Kamand_depth,North_depth
26.0,0.2047,385,Kamand_depth,North_depth
27.0,0.1962,384,Kamand_depth,North_depth
28.0,0.189,383,Kamand_depth,North_depth
29.0,0.1806,382,Kamand_depth,North_depth
30.0,0.1862,381,Kamand_depth,North_depth
31.0,0.185,380,Kamand_depth,North_depth
32.0,0.1864,379,Kamand_depth,North_depth
33.0,0.1901,378,Kamand_depth,North_depth
34.0,0.1995,377,Kamand_depth,North_depth
35.0,0.2196,376,Kamand_depth,North_depth
36.0,0.2502,375,Kamand_depth,North_depth
37.0,0.2674,374,Kamand_depth,North_depth
38.0,0.2776,373,Kamand_depth,North_depth
39.0,0.2859,372,Kamand_depth,North_depth
40.0,0.294,371,Kamand_depth,North_depth
41.0,0.3004,370,Kamand_depth,North_depth
42.0,0.3015,369,Kamand_depth,North_depth
43.0,0.2946,368,Kamand_depth,North_depth
44.0,0.287,367,Kamand_depth,North_depth
45.0,0.2843,366,Kamand_depth,North_depth
46.0,0.2849,365,Kamand_depth,North_depth
47.0,0.2902,364,Kamand_depth,North_depth
48.0,0.2964,363,Kamand_depth,North_depth
-48.0,0.4672,564,Kamand_velocity,North_depth
-47.0,0.4735,565,Kamand_velocity,North_depth
-46.0,0.4788,566,Kamand_velocity,North_depth
-45.0,0.4876,567,Kamand_velocity,North_depth
-44.0,0.4964,568,Kamand_velocity,North_depth
-43.0,0.5042,569,Kamand_velocity,North_depth
-42.0,0.5089,570,Kamand_velocity,North_depth
-41.0,0.5137,571,Kamand_velocity,North_depth
-40.0,0.5185,572,Kamand_velocity,North_depth
-39.0,0.5253,573,Kamand_velocity,North_depth
-38.0,0.5315,574,Kamand_velocity,North_depth
-37.0,0.535,575,Kamand_velocity,North_depth
-36.0,0.5373,576,Kamand_velocity,North_depth
-35.0,0.5364,577,Kamand_velocity,North_depth
-34.0,0.5386,578,Kamand_velocity,North_depth
-33.0,0.5438,579,Kamand_velocity,North_depth
-32.0,0.5497,580,Kamand_velocity,North_depth
-31.0,0.556,581,Kamand_velocity,North_depth
-30.0,0.5599,582,Kamand_velocity,North_depth
-29.0,0.5648,583,Kamand_velocity,North_depth
-28.0,0.5686,584,Kamand_velocity,North_depth
-27.0,0.5733,585,Kamand_velocity,North_depth
-26.0,0.5789,586,Kamand_velocity,North_depth
-25.0,0.5843,587,Kamand_velocity,North_depth
-24.0,0.5907,588,Kamand_velocity,North_depth
-23.0,0.5969,589,Kamand_velocity,North_depth
-22.0,0.6032,590,Kamand_velocity,North_depth
-21.0,0.6077,591,Kamand_velocity,North_depth
-20.0,0.6095,592,Kamand_velocity,North_depth
-19.0,0.6129,593,Kamand_velocity,North_depth
-18.0,0.6164,594,Kamand_velocity,North_depth
-17.0,0.617,595,Kamand_velocity,North_depth
-16.0,0.6146,596,Kamand_velocity,North_depth
-15.0,0.6148,597,Kamand_velocity,North_depth
-14.0,0.616,598,Kamand_velocity,North_depth
-13.0,0.6157,599,Kamand_velocity,North_depth
-12.0,0.6167,600,Kamand_velocity,North_depth
-11.0,0.6182,601,Kamand_velocity,North_depth
-10.0,0.6203,602,Kamand_velocity,North_depth
-9.0,0.6224,603,Kamand_velocity,North_depth
-8.0,0.6239,604,Kamand_velocity,North_depth
-7.0,0.6261,605,Kamand_velocity,North_depth
-6.0,0.6267,606,Kamand_velocity,North_depth
-5.0,0.6241,607,Kamand_velocity,North_depth
-4.0,0.6238,608,Kamand_velocity,North_depth
-3.0,0.6249,609,Kamand_velocity,North_depth
-2.0,0.6231,610,Kamand_velocity,North_depth
-1.0,0.6233,611,Kamand_velocity,North_depth
0.0,0.6249,612,Kamand_velocity,North_depth
1.0,0.6172,611,Kamand_velocity,North_depth
2.0,0.6096,610,Kamand_velocity,North_depth
3.0,0.6036,609,Kamand_velocity,North_depth
4.0,0.5992,608,Kamand_velocity,North_depth
5.0,0.5948,607,Kamand_velocity,North_depth
6.0,0.589,606,Kamand_velocity,North_depth
7.0,0.5868,605,Kamand_velocity,North_depth
8.0,0.5851,604,Kamand_velocity,North_depth
9.0,0.5809,603,Kamand_velocity,North_depth
10.0,0.5765,602,Kamand_velocity,North_depth
11.0,0.5739,601,Kamand_velocity,North_depth
12.0,0.5674,600,Kamand_velocity,North_depth
13.0,0.5636,599,Kamand_velocity,North_depth
14.0,0.5534,598,Kamand_velocity,North_depth
15.0,0.5448,597,Kamand_velocity,North_depth
16.0,0.5327,596,Kamand_velocity,North_depth
17.0,0.5211,595,Kamand_velocity,North_depth
18.0,0.5145,594,Kamand_velocity,North_depth
19.0,0.5066,593,Kamand_velocity,North_depth
20.0,0.4988,592,Kamand_velocity,North_depth
21.0,0.4869,591,Kamand_velocity,North_depth
22.0,0.4796,590,Kamand_velocity,North_depth
23.0,0.4723,589,Kamand_velocity,North_depth
24.0,0.4727,588,Kamand_velocity,North_depth
25.0,0.4736,587,Kamand_velocity,North_depth
26.0,0.4695,586,Kamand_velocity,North_depth
27.0,0.4586,585,Kamand_velocity,North_depth
28.0,0.4407,584,Kamand_velocity,North_depth
29.0,0.4318,583,Kamand_velocity,North_depth
30.0,0.4268,582,Kamand_velocity,North_depth
31.0,0.4195,581,Kamand_velocity,North_depth
32.0,0.4077,580,Kamand_velocity,North_depth
33.0,0.3978,579,Kamand_velocity,North_depth
34.0,0.3866,578,Kamand_velocity,North_depth
35.0,0.3772,577,Kamand_velocity,North_depth
36.0,0.3683,576,Kamand_velocity,North_depth
37.0,0.3611,575,Kamand_velocity,North_depth
38.0,0.3557,574,Kamand_velocity,North_depth
39.0,0.3502,573,Kamand_velocity,North_depth
40.0,0.3446,572,Kamand_velocity,North_depth
41.0,0.3389,571,Kamand_velocity,North_depth
42.0,0.33,570,Kamand_velocity,North_depth
43.0,0.3184,569,Kamand_velocity,North_depth
44.0,0.3061,568,Kamand_velocity,North_depth
45.0,0.2926,567,Kamand_velocity,North_depth
46.0,0.2804,566,Kamand_velocity,North_depth
47.0,0.275,565,Kamand_velocity,North_depth
48.0,0.2696,564,Kamand_velocity,North_depth
-48.0,0.2251,738,Kamand_velocity,North_velocity
-47.0,0.2228,739,Kamand_velocity,North_velocity
-46.0,0.2295,740,Kamand_velocity,North_velocity
-45.0,0.2381,741,Kamand_velocity,North_velocity
-44.0,0.2326,742,Kamand_velocity,North_velocity
-43.0,0.2292,743,Kamand_velocity,North_velocity
-42.0,0.2391,744,Kamand_velocity,North_velocity
-41.0,0.2438,745,Kamand_velocity,North_velocity
-40.0,0.2364,746,Kamand_velocity,North_velocity
-39.0,0.2169,747,Kamand_velocity,North_velocity
-38.0,0.1988,748,Kamand_velocity,North_velocity
-37.0,0.2083,749,Kamand_velocity,North_velocity
-36.0,0.2177,750,Kamand_velocity,North_velocity
-35.0,0.233,751,Kamand_velocity,North_velocity
-34.0,0.2396,752,Kamand_velocity,North_velocity
-33.0,0.2494,753,Kamand_velocity,North_velocity
-32.0,0.2569,754,Kamand_velocity,North_velocity
-31.0,0.257,755,Kamand_velocity,North_velocity
-30.0,0.2657,756,Kamand_velocity,North_velocity
-29.0,0.2901,757,Kamand_velocity,North_velocity
-28.0,0.3001,758,Kamand_velocity,North_velocity
-27.0,0.2915,759,Kamand_velocity,North_velocity
-26.0,0.2743,760,Kamand_velocity,North_velocity
-25.0,0.2497,761,Kamand_velocity,North_velocity
-24.0,0.2318,762,Kamand_velocity,North_velocity
-23.0,0.2262,763,Kamand_velocity,North_velocity
-22.0,0.2224,764,Kamand_velocity,North_velocity
-21.0,0.2117,765,Kamand_velocity,North_velocity
-20.0,0.2038,766,Kamand_velocity,North_velocity
-19.0,0.2037,767,Kamand_velocity,North_velocity
-18.0,0.229,768,Kamand_velocity,North_velocity
-17.0,0.2551,769,Kamand_velocity,North_velocity
-16.0,0.265,770,Kamand_velocity,North_velocity
-15.0,0.2747,771,Kamand_velocity,North_velocity
-14.0,0.2727,772,Kamand_velocity,North_velocity
-13.0,0.2818,773,Kamand_velocity,North_velocity
-12.0,0.2795,774,Kamand_velocity,North_velocity
-11.0,0.2606,775,Kamand_velocity,North_velocity
-10.0,0.2373,776,Kamand_velocity,North_velocity
-9.0,0.2289,777,Kamand_velocity,North_velocity
-8.0,0.2187,778,Kamand_velocity,North_velocity
-7.0,0.2019,779,Kamand_velocity,North_velocity
-6.0,0.1943,780,Kamand_velocity,North_velocity
-5.0,0.1944,781,Kamand_velocity,North_velocity
-4.0,0.2097,782,Kamand_velocity,North_velocity
-3.0,0.2397,783,Kamand_velocity,North_velocity
-2.0,0.2594,784,Kamand_velocity,North_velocity
-1.0,0.2985,785,Kamand_velocity,North_velocity
0.0,0.3316,786,Kamand_velocity,North_velocity
1.0,0.3335,785,Kamand_velocity,North_velocity
2.0,0.3297,784,Kamand_velocity,North_velocity
3.0,0.3045,783,Kamand_velocity,North_velocity
4.0,0.2782,782,Kamand_velocity,North_velocity
5.0,0.2571,781,Kamand_velocity,North_velocity
6.0,0.2265,780,Kamand_velocity,North_velocity
7.0,0.1995,779,Kamand_velocity,North_velocity
8.0,0.1689,778,Kamand_velocity,North_velocity
9.0,0.157,777,Kamand_velocity,North_velocity
10.0,0.1457,776,Kamand_velocity,North_velocity
11.0,0.1593,775,Kamand_velocity,North_velocity
12.0,0.1778,774,Kamand_velocity,North_velocity
13.0,0.1878,773,Kamand_velocity,North_velocity
14.0,0.2121,772,Kamand_velocity,North_velocity
15.0,0.2151,771,Kamand_velocity,North_velocity
16.0,0.2149,770,Kamand_velocity,North_velocity
17.0,0.2116,769,Kamand_velocity,North_velocity
18.0,0.2086,768,Kamand_velocity,North_velocity
19.0,0.1929,767,Kamand_velocity,North_velocity
20.0,0.1792,766,Kamand_velocity,North_velocity
21.0,0.1646,765,Kamand_velocity,North_velocity
22.0,0.1409,764,Kamand_velocity,North_velocity
23.0,0.1259,763,Kamand_velocity,North_velocity
24.0,0.1205,762,Kamand_velocity,North_velocity
25.0,0.1196,761,Kamand_velocity,North_velocity
26.0,0.1276,760,Kamand_velocity,North_velocity
27.0,0.1221,759,Kamand_velocity,North_velocity
28.0,0.1231,758,Kamand_velocity,North_velocity
29.0,0.1285,757,Kamand_velocity,North_velocity
30.0,0.1329,756,Kamand_velocity,North_velocity
31.0,0.1367,755,Kamand_velocity,North_velocity
32.0,0.1367,754,Kamand_velocity,North_velocity
33.0,0.124,753,Kamand_velocity,North_velocity
34.0,0.1242,752,Kamand_velocity,North_velocity
35.0,0.124,751,Kamand_velocity,North_velocity
36.0,0.1228,750,Kamand_velocity,North_velocity
37.0,0.1177,749,Kamand_velocity,North_velocity
38.0,0.1244,748,Kamand_velocity,North_velocity
39.0,0.1202,747,Kamand_velocity,North_velocity
40.0,0.1288,746,Kamand_velocity,North_velocity
41.0,0.1447,745,Kamand_velocity,North_velocity
42.0,0.1646,744,Kamand_velocity,North_velocity
43.0,0.18,743,Kamand_velocity,North_velocity
44.0,0.1815,742,Kamand_velocity,North_velocity
45.0,0.1756,741,Kamand_velocity,North_velocity
46.0,0.1743,740,Kamand_velocity,North_velocity
47.0,0.17,739,Kamand_velocity,North_velocity
48.0,0.1624,738,Kamand_velocity,North_velocity
-48.0,-0.0026,1554,North_depth,North_velocity
-47.0,0.0016,1555,North_depth,North_velocity
-46.0,0.007,1556,North_depth,North_velocity
-45.0,0.0099,1557,North_depth,North_velocity
-44.0,0.0097,1558,North_depth,North_velocity
-43.0,0.0129,1559,North_depth,North_velocity
-42.0,0.0134,1560,North_depth,North_velocity
-41.0,0.0178,1561,North_depth,North_velocity
-40.0,0.0227,1562,North_depth,North_velocity
-39.0,0.0221,1563,North_depth,North_velocity
-38.0,0.0242,1564,North_depth,North_velocity
-37.0,0.0284,1565,North_depth,North_velocity
-36.0,0.0328,1566,North_depth,North_velocity
-35.0,0.0342,1567,North_depth,North_velocity
-34.0,0.0363,1568,North_depth,North_velocity
-33.0,0.041,1569,North_depth,North_velocity
-32.0,0.0473,1570,North_depth,North_velocity
-31.0,0.0512,1571,North_depth,North_velocity
-30.0,0.0561,1572,North_depth,North_velocity
-29.0,0.0576,1573,North_depth,North_velocity
-28.0,0.0607,1574,North_depth,North_velocity
-27.0,0.0641,1575,North_depth,North_velocity
-26.0,0.0686,1576,North_depth,North_velocity
-25.0,0.0742,1577,North_depth,North_velocity
-24.0,0.0767,1578,North_depth,North_velocity
-23.0,0.08,1579,North_depth,North_velocity
-22.0,0.0824,1580,North_depth,North_velocity
-21.0,0.0847,1581,North_depth,North_velocity
-20.0,0.0882,1582,North_depth,North_velocity
-19.0,0.0947,1583,North_depth,North_velocity
-18.0,0.0975,1584,North_depth,North_velocity
-17.0,0.1011,1585,North_depth,North_velocity
-16.0,0.1056,1586,North_depth,North_velocity
-15.0,0.1081,1587,North_depth,North_velocity
-14.0,0.1136,1588,North_depth,North_velocity
-13.0,0.1185,1589,North_depth,North_velocity
-12.0,0.1235,1590,North_depth,North_velocity
-11.0,0.1269,1591,North_depth,North_velocity
-10.0,0.128,1592,North_depth,North_velocity
-9.0,0.1327,1593,North_depth,North_velocity
-8.0,0.1369,1594,North_depth,North_velocity
-7.0,0.138,1595,North_depth,North_velocity
-6.0,0.1391,1596,North_depth,North_velocity
-5.0,0.1435,1597,North_depth,North_velocity
-4.0,0.1459,1598,North_depth,North_velocity
-3.0,0.1472,1599,North_depth,North_velocity
-2.0,0.146,1600,North_depth,North_velocity
-1.0,0.1466,1601,North_depth,North_velocity
0.0,0.1449,1602,North_depth,North_velocity
1.0,0.1442,1601,North_depth,North_velocity
2.0,0.1442,1600,North_depth,North_velocity
3.0,0.1453,1599,North_depth,North_velocity
4.0,0.1461,1598,North_depth,North_velocity
5.0,0.1472,1597,North_depth,North_velocity
6.0,0.1473,1596,North_depth,North_velocity
7.0,0.1478,1595,North_depth,North_velocity
8.0,0.1448,1594,North_depth,North_velocity
9.0,0.1437,1593,North_depth,North_velocity
10.0,0.141,1592,North_depth,North_velocity
11.0,0.1354,1591,North_depth,North_velocity
12.0,0.1332,1590,North_depth,North_velocity
13.0,0.1338,1589,North_depth,North_velocity
14.0,0.1348,1588,North_depth,North_velocity
15.0,0.1375,1587,North_depth,North_velocity
16.0,0.1394,1586,North_depth,North_velocity
17.0,0.1398,1585,North_depth,North_velocity
18.0,0.1413,1584,North_depth,North_velocity
19.0,0.1455,1583,North_depth,North_velocity
20.0,0.1498,1582,North_depth,North_velocity
21.0,0.1503,1581,North_depth,North_velocity
22.0,0.1513,1580,North_depth,North_velocity
23.0,0.1524,1579,North_depth,North_velocity
24.0,0.1534,1578,North_depth,North_velocity
25.0,0.1525,1577,North_depth,North_velocity
26.0,0.153,1576,North_depth,North_velocity
27.0,0.1516,1575,North_depth,North_velocity
28.0,0.1546,1574,North_depth,North_velocity
29.0,0.1562,1573,North_depth,North_velocity
30.0,0.1594,1572,North_depth,North_velocity
31.0,0.1626,1571,North_depth,North_velocity
32.0,0.1639,1570,North_depth,North_velocity
33.0,0.166,1569,North_depth,North_velocity
34.0,0.1688,1568,North_depth,North_velocity
35.0,0.1681,1567,North_depth,North_velocity
36.0,0.17,1566,North_depth,North_velocity
37.0,0.1731,1565,North_depth,North_velocity
38.0,0.1785,1564,North_depth,North_velocity
39.0,0.1807,1563,North_depth,North_velocity
40.0,0.1837,1562,North_depth,North_velocity
41.0,0.1866,1561,North_depth,North_velocity
42.0,0.1922,1560,North_depth,North_velocity
43.0,0.1958,1559,North_depth,North_velocity
44.0,0.1988,1558,North_depth,North_velocity
45.0,0.2003,1557,North_depth,North_velocity
46.0,0.2052,1556,North_depth,North_velocity
47.0,0.2063,1555,North_depth,North_velocity
48.0,0.2045,1554,North_depth,North_velocity
